,개방서비스명,영업상태명,소재지전체주소,좌표정보(x),좌표정보(y),경도,위도
0,병원,영업/정상,서울특별시 중랑구 망우동 128-29 동부제일병원,209579.612349583,455387.99689292,127.10637804865048,37.60076395910057
1,병원,영업/정상,서울특별시 중랑구 상봉동 108번지 2호,207506.248550183,454647.912047029,127.08289157170421,37.5941150200416
2,병원,영업/정상,서울특별시 중랑구 망우동 488-8 장스여성병원 비동,208547.560589346,455271.790327778,127.0946896586217,37.599727049022285
3,병원,영업/정상,서울특별시 중랑구 망우동 207번지 1호,209177.682798072,455333.044481669,127.10182588029123,37.600272915047505
4,병원,영업/정상,서울특별시 중랑구 상봉동 101번지 이지팰리스,207660.883688474,454911.110252938,127.08464524774277,37.59648512851474
5,병원,영업/정상,서울특별시 영등포구 대림동 978번지 13호,191713.448635499,443157.388663332,126.90419885873672,37.49057863772219
6,병원,영업/정상,서울특별시 성동구 행당동 130번지 115호 9988병원빌딩,203242.775760419,450703.100046897,127.034598777098,37.55859737254846
7,병원,영업/정상,서울특별시 서초구 서초동 1586-4,201064.364905095,442490.721676866,127.00993296432077,37.48460915600456
8,병원,영업/정상,서울특별시 서초구 방배동 837번지 13호,199257.012040081,443119.872035845,126.98949734857997,37.490277993488036
9,병원,영업/정상,서울특별시 서초구 방배1동 896번지 1호,199494.84195609,442848.134012303,126.99218679778721,37.48782980988029
10,병원,영업/정상,서울특별시 서초구 방배동 481번지 10호,198865.609772728,441491.109507535,126.98507425535435,37.47560239623362
11,병원,영업/정상,서울특별시 서초구 방배동 488-6 지하4층~지상6층,199356.275577675,441326.193173286,126.990621485516,37.474117001675516
12,병원,영업/정상,"서울특별시 서초구 반포동 20번지 45호 반포자이프라자 403, 404호",200800.417027918,444989.874340522,127.00695112346207,37.50712675411477
13,병원,영업/정상,"서울특별시 서초구 반포동 736번지 9호 지하4층~9층/반포동 735-26 외1(지1층,2~4층)",201943.524337491,444978.789098921,127.01987957578957,37.50702525784271
14,병원,영업/정상,서울특별시 서초구 반포4동 44번지 3호,200998.469243492,444131.025461031,127.00918999290525,37.499388361681476
15,병원,영업/정상,"서울특별시 서초구 양재동 20번지 7호 /양재동 20-4, 2층/양재동 20-20(지1~3층)",203350.547009323,441971.940635973,127.03577947974254,37.479929630970126
16,병원,영업/정상,서울특별시 서초구 서초동 1657-1 서울365mc병원,201178.653260998,443421.176493515,127.01122657937822,37.492992427484644
17,병원,영업/정상,서울특별시 서초구 서초동 1603-1 블루핀타워,201353.74049169,442618.447987766,127.01320502748173,37.485759612952776
18,병원,영업/정상,서울특별시 서초구 방배동 765번지 28호 1~3층,198443.787138915,443544.463726261,126.98030095140143,37.494102495957115
19,병원,영업/정상,서울특별시 영등포구 영등포동4가 156번지,191213.335504204,446402.617508062,126.89850482543086,37.51981338305339
20,병원,영업/정상,서울특별시 영등포구 양평동5가 121번지 1호,190648.410812888,448737.352190615,126.89208457239678,37.54084357811264
21,병원,영업/정상,서울특별시 성동구 홍익동 102번지,202827.973126186,451607.692035272,127.0299075648961,37.566748983665484
22,병원,영업/정상,서울특별시 성동구 성수2가3동 275번지 2호,205503.603619543,448769.008639507,127.06017185392163,37.541160823731055
23,병원,영업/정상,서울특별시 성동구 용답동 235번지 8호,205861.778324251,450912.302558818,127.06424155340387,37.5604695139975
24,병원,영업/정상,서울특별시 성동구 용답동 235-3 2~7층,205869.831879948,450941.189726548,127.06433293205558,37.56072973347574
25,병원,영업/정상,서울특별시 성동구 송정동 81번지 14호,204968.468327442,449690.197895816,127.05412290799602,37.54946365987894
26,병원,영업/정상,서울특별시 서초구 방배동 446번지 3호 지하1층~3층,198506.646654889,441616.112143735,126.98101584382967,37.47672813789822
27,병원,영업/정상,서울특별시 서초구 서초동 1515번지 4호 서원빌딩,200324.626408302,442669.649678322,127.00156913707062,37.48622180346843
28,병원,영업/정상,서울특별시 서초구 잠원동 38번지 25호 기린한방병원,201705.524083255,445429.573099822,127.01718881537037,37.51108726324104
29,병원,영업/정상,서울특별시 서초구 서초동 1602번지 8호,201322.30487951,442566.64109412,127.01284950522043,37.4852928756659
30,병원,영업/정상,서울특별시 서초구 방배동 852번지 20호,199245.439853629,443009.301109201,126.98936662014705,37.489281738906286
31,병원,영업/정상,서울특별시 성동구 도선동 365번지 1호,202640.965627674,451334.93443267,127.02778987813736,37.5642920106241
32,병원,영업/정상,"서울특별시 광진구 자양동 24-9 B1~2, 2~7층",205558.67706739,448728.056778367,127.06079470791745,37.54079152436367
33,병원,영업/정상,"서울특별시 강동구 성내동 452 지하3, 지하1 일부, 1~5층",210587.488645319,447299.229870215,127.1176753010855,37.52787425304023
34,병원,영업/정상,서울특별시 구로구 오류동 44번지 10호 시티월드,185875.875759586,443592.138806549,126.83818261583073,37.49442452818817
35,병원,영업/정상,"서울특별시 금천구 시흥동 1031번지 엠타워 7,8,9,14,지하2층",190718.377249788,439322.42742435,126.89299579120848,37.45601605884438
36,병원,영업/정상,서울특별시 강서구 화곡동 1065번지 22호 터보빌딩,185758.413008633,448865.327203194,126.836751756782,37.54193373945041
37,병원,영업/정상,서울특별시 송파구 가락동 36번지 1호 한미사랑병원,211044.201099765,444104.194597019,127.12279441513975,37.499081836950346
38,병원,영업/정상,"서울특별시 강남구 삼성동 52-17 마디빌딩 지하3층~지하1층,2층~9층",204457.767008807,446164.986306256,127.04832256283461,37.51770431526417
39,병원,영업/정상,서울특별시 송파구 마천동 32번지 윤진프라자타워,212643.860107402,444170.320122251,127.14088560941592,37.49965722746614
40,병원,영업/정상,서울특별시 송파구 방이동 109번지 3호,209623.287948462,445505.258585544,127.10674392203825,37.511721167966
41,병원,영업/정상,서울특별시 관악구 남현동 1058번지 6호 한일프라자,197958.524057933,441542.490987188,126.97481932980936,37.4760637236453
42,병원,영업/정상,"서울특별시 서초구 방배동 936-12 지하1층일부,2~5층",199360.582881543,442777.806241993,126.99066879286359,37.487196063718265
43,병원,영업/정상,서울특별시 강서구 마곡동 797 에이스타워 마곡,185253.47815088,450811.037605568,126.830999087788,37.559456368619614
44,병원,영업/정상,서울특별시 금천구 시흥동 1031번지,190718.377249788,439322.42742435,126.89299579120848,37.45601605884438
45,병원,영업/정상,서울특별시 광진구 자양동 685번지,207574.350933065,447709.275315842,127.0835916795516,37.5315981741814
46,병원,영업/정상,서울특별시 서초구 방배동 795번지 22호 창생빌딩,199040.3746688,443425.063163148,126.98704731779361,37.49302755096021
47,병원,영업/정상,서울특별시 강남구 논현동 235-11 센트럴타워,203057.829697832,445092.183424792,127.03248275119113,37.50804399824371
48,병원,영업/정상,서울특별시 동대문구 제기동 892번지 64호,203109.595530999,453230.287283096,127.03310197310297,37.581367471930044
49,병원,영업/정상,서울특별시 서초구 서초동 1677번지 8호 프로비스타,201577.653343873,443623.599964173,127.01573881398137,37.494815694930146
50,병원,영업/정상,서울특별시 성동구 성수동2가 279번지 44호,205665.640838329,449129.621885233,127.06200806783717,37.544408949228234
51,병원,영업/정상,서울특별시 강북구 번동 105번지 1호,203895.660018622,457580.999858684,127.04202389751312,37.62056371789128
52,병원,영업/정상,서울특별시 양천구 신정동 1268 복합메디컬타운,187181.28483799,445624.366466149,126.85290858923932,37.512753926903194
53,병원,영업/정상,서울특별시 동대문구 답십리동 94번지 9호 목련빌딩 3층,205049.095910832,452418.270436454,127.0550538495661,37.57404285676025
54,병원,영업/정상,서울특별시 도봉구 도봉동 620-23 화성빌딩,203762.994791244,463176.64494664,127.04054950575794,37.670979686213684
55,병원,영업/정상,서울특별시 강서구 화곡동 1051-22,185725.161390724,448911.264785071,126.83637461270115,37.542347115502345
56,병원,영업/정상,"서울특별시 성북구 종암동 3-1342 청한빌딩 4,5층",202819.871767584,455458.024657239,127.02983034057685,37.60143995437425
57,병원,영업/정상,서울특별시 관악구 신림동 1638번지 1호 삼모더프라임타워,193643.274303943,442230.03574985,126.92602832955619,37.4822386116894
58,병원,영업/정상,서울특별시 마포구 신수동 81번지 101호 세솟는병원,194363.589730635,450007.19193806,126.93411205699292,37.55231516315112
59,병원,영업/정상,서울특별시 은평구 불광동 221번지 57호,193937.982430394,457220.058233981,126.92923526554493,37.61729927966063
60,병원,영업/정상,서울특별시 강서구 염창동 252번지 14호,188933.762268533,449722.993690775,126.87266836576207,37.54970500845701
61,병원,영업/정상,"서울특별시 강북구 미아동 304번지 3호 지하1층, 2층~5층",202240.855124105,458118.709572688,127.02328134878259,37.62541377745006
62,병원,영업/정상,서울특별시 영등포구 영등포동4가 425-2 서울영등포동4가우체국,191619.249847095,446038.543732844,126.90310064621738,37.51653690048206
63,병원,영업/정상,서울특별시 양천구 신월동 48-14,184448.497335143,448167.004353631,126.82194471104735,37.53562068424323
64,병원,영업/정상,서울특별시 강서구 내발산동 654,185569.392871863,450611.074306467,126.83457849776993,37.55765974912074
65,병원,영업/정상,"서울특별시 송파구 문정동 634 가든파이브라이프 10층  L-10001~4, L-10006~8호",210986.460698452,441725.293491662,127.12210616263066,37.477648658587796
66,병원,영업/정상,서울특별시 강남구 신사동 635,202934.182865829,447189.395799605,127.03109248011494,37.5269401889993
67,병원,영업/정상,서울특별시 중랑구 망우동 460-1 연세산돌병원,208664.15211223,454762.013502246,127.09600394774024,37.59513296716246
68,병원,영업/정상,서울특별시 강서구 마곡동 800번지 5호,185148.900294753,450719.380288227,126.82981735948336,37.558628863034734
69,병원,영업/정상,서울특별시 노원구 상계동 301-6 파로스병원,205922.151234054,461261.657201799,127.06500765923678,37.65371492394021
70,병원,영업/정상,서울특별시 성북구 동선동1가 1-2 유타,201447.418693099,454477.103343093,127.01428654773156,37.59260509731219
71,병원,영업/정상,"서울특별시 구로구 개봉동 143-1 오류빌딩 지하1층, 1층,2층,3층,4층,5층,6층",186968.262921097,443991.411315809,126.85052821486066,37.498038087899445
72,병원,영업/정상,서울특별시 양천구 신정동 994-5,187917.430453569,447015.243697217,126.86121197838806,37.52529561395037
73,병원,영업/정상,서울특별시 광진구 자양동 25-2 생생한방병원,205507.103014693,448633.824455964,127.06021044814145,37.53994280438356
74,병원,영업/정상,서울특별시 동대문구 신설동 76-34,202132.961071614,452712.645095691,127.02204387327245,37.576706296442474
75,병원,영업/정상,"서울특별시 동대문구 하정로 22(신설동 103-10,11)",202156.509173229,452453.201004356,127.02230970838772,37.574368685541565
76,병원,영업/정상,서울특별시 강서구 화곡동 1026번지 12호,185617.497941805,449153.637971735,126.83515160955423,37.54452918965956
77,병원,영업/정상,서울특별시 중랑구 망우동 207-2,209144.172317054,455311.560177952,127.10144614085814,37.60007967652074
78,병원,영업/정상,서울특별시 강북구 미아동 62-38 서울유병원BK빌딩,202541.070832521,457081.260634815,127.02667863292324,37.616065809650244
79,병원,영업/정상,서울특별시 서초구 서초동 1426-1,201523.81737501,442288.685384896,127.0151273862856,37.48278819519731
80,병원,영업/정상,서울특별시 강서구 마곡동 799-11 파인스퀘어,184844.841587036,450680.3656089,126.82637693144584,37.55827237638968
81,병원,영업/정상,서울특별시 마포구 아현동 346-5,195728.22322929,450517.899048451,126.94955227608568,37.556924010901575
82,병원,영업/정상,서울특별시 서초구 서초동 1338-21 코리아비지니스센타,202623.297219041,443154.964346798,127.02756141773722,37.49059098470757
83,병원,영업/정상,서울특별시 관악구 봉천동 869-12 대연빌딩,195647.366393622,442105.342411703,126.94868771773014,37.48112687205802
84,병원,영업/정상,서울특별시 송파구 가락동 2-5 재정빌딩,211005.302324733,444601.789927777,127.12236191799151,37.50356561489116
85,병원,영업/정상,서울특별시 서대문구 홍은동 275-59 미도빌딩,194093.323180004,453052.898302227,126.93102872336361,37.57975490016185
86,병원,영업/정상,서울특별시 송파구 잠실동 250-14 2~9층,207649.560634469,444734.861106734,127.08441189148225,37.50479823652385
87,병원,영업/정상,"서울특별시 강동구 천호동 401-5 5층일부,6~7층",211411.31987595,448830.948477309,127.12701900070158,37.54166514081578
88,병원,영업/정상,서울특별시 송파구 가락동 48-3 지하2층~지상7층,210574.037898234,444069.184552292,127.1174769772277,37.498771866022125
89,병원,영업/정상,서울특별시 동대문구 신설동 101-5,202081.864808843,452565.40876479,127.02146503502613,37.57537982954688
90,병원,영업/정상,"서울특별시 종로구 신문로2가 1-158 썬타워빌딩 지하1층, 지상2,3,4,5,6,7층",197369.925430517,452219.605210118,126.9681259320856,37.572262451365674
91,병원,영업/정상,서울특별시 강남구 논현동 55-3 새로운병원빌딩 지하1층일부~7층,202080.711326615,445562.134435278,127.02143274987327,37.51228089372076
92,병원,영업/정상,서울특별시 종로구 내자동 219 도반 빌딩,197539.970819724,452504.064126045,126.97004983015188,37.574825871784846
93,병원,영업/정상,서울특별시 송파구 방이동 160,210527.998227252,445587.289579829,127.11697791951413,37.512450454236856
94,병원,영업/정상,서울특별시 광진구 능동 276-2,206972.721585135,450495.893226514,127.07681128238208,37.55671005543922
95,병원,영업/정상,서울특별시 광진구 구의2동 80번지 25호,207569.609746903,449364.569115862,127.08355495202707,37.546512273922275
96,병원,영업/정상,"서울특별시 광진구 화양동 6번지 1호 3, 4층",206163.281973626,448682.578827966,127.06763544726164,37.54037797233254
97,병원,영업/정상,서울특별시 광진구 능동 255-2,207625.005710016,450175.247405254,127.08419015467209,37.55381595226779
98,병원,영업/정상,서울특별시 광진구 능동 222번지 13호 외 222-14,207076.829146902,450443.588513839,127.07798901204794,37.556238009594914
99,병원,영업/정상,서울특별시 마포구 신수동 66번지 1호 지2층~6층,194068.379605116,450023.977767846,126.93077109715448,37.55246452926838
100,병원,영업/정상,서울특별시 마포구 성산동 200번지 22호 SMC 지하1층~5층,191971.007142007,451626.174437596,126.90701792313817,37.56688411043273
101,병원,영업/정상,"서울특별시 마포구 동교동 166번지 1호 (3, 4층)",193316.900288756,450586.865060181,126.92226159419724,37.55753089131676
102,병원,영업/정상,서울특별시 마포구 도화동 566번지 자람빌딩 3층,195494.021183312,448852.379796745,126.94691207148713,37.54191670461164
103,병원,영업/정상,"서울특별시 마포구 노고산동 57번지 1호 그랜드플라자 10층,11층",194273.598098938,450318.724130121,126.9330911853484,37.55512147590787
104,병원,영업/정상,서울특별시 마포구 마포동 33번지 1호 대농빌딩,195051.53369717,448575.956518546,126.94190712687741,37.53942385415123
105,병원,영업/정상,"서울특별시 강남구 청담동 71번지 3호 B1~6층, 7층일부,8층",204855.579518894,446576.858605648,127.05282511753667,37.521413286694674
106,병원,영업/정상,"서울특별시 강남구 역삼동 773번지 6호 지하1층, 2~7층",203902.605,443874.3,127.04203087600042,37.497067766813345
107,병원,영업/정상,서울특별시 강남구 역삼동 732-19,203732.302296988,443970.119760002,127.04010549809081,37.49793179365747
108,병원,영업/정상,"서울특별시 강남구 삼성1동 158번지 12호 서영빌딩 14층, 15층일부",205112.755619722,445159.128108721,127.05572458627559,37.50863822067431
109,병원,영업/정상,서울특별시 강남구 논현동 200-7 urbanhive,202121.293458771,444742.671288826,127.02188947185758,37.50489746279945
110,병원,영업/정상,서울특별시 강남구 도곡동 949,202834.56,442871.185,127.02994919353809,37.488033522823265
111,병원,영업/정상,서울특별시 강남구 개포동 1230번지 12호,204132.18,441608.09,127.04461449002545,37.476648221042545
112,병원,영업/정상,"서울특별시 강남구 삼성동 77번지 23호 지하1,2층, 지상 1~11층",205116.195218249,445783.267094395,127.0557677752835,37.51426167269055
113,병원,영업/정상,서울특별시 강남구 신사동 587-16 포레스트요양병원,202527.402058372,446478.329588626,127.02648821311048,37.520534693187386
114,병원,영업/정상,서울특별시 강남구 청담동 2-6 3~8층,203510.626004375,446738.757759642,127.03761163031274,37.52287799145974
115,병원,영업/정상,서울특별시 강남구 논현동 37-18 메드렉스병원,202570.672187385,445856.917924672,127.0269755653992,37.51493568291318
116,병원,영업/정상,서울특별시 강남구 신사동 638-1 윤호병원,202969.639103322,447402.299460543,127.03149443577206,37.52885832797925
117,병원,영업/정상,서울특별시 강남구 논현동 175-10 유현빌딩,202777.698034814,445279.760385596,127.02931513093931,37.50973492708783
118,병원,영업/정상,"서울특별시 강남구 대치동 995번지 27호 지하1~2층,2~7층",205649.655013836,445122.570820205,127.06179673056737,37.50830574947927
119,병원,영업/정상,"서울특별시 강남구 대치동 910번지 1호 2층,3층,5층,6층",204715.492151273,444352.092996928,127.05122636806178,37.50136893977245
120,병원,영업/정상,서울특별시 강남구 논현동 5-6 아이디병원,202070.164260035,446161.944463499,127.02131509082868,37.51768518340599
121,병원,영업/정상,서울특별시 강남구 논현동 59 강남을지병원,202457.281306385,446353.555989885,127.02569460336802,37.51941067299277
122,병원,영업/정상,서울특별시 강남구 신사동 623,202818.908706624,447058.234073349,127.02978789961293,37.52575878020708
123,병원,영업/정상,서울특별시 강남구 삼성1동 161번지,205423.286315029,445783.29482639,127.05924128777197,37.51426019122769
124,병원,영업/정상,서울특별시 강남구 일원동 50번지,207534.49462606,442943.860447203,127.08309236737391,37.48866228880641
125,병원,영업/정상,서울특별시 강남구 대치동 994-5 경희한방병원,205914.434349289,444120.789449979,127.06478345121198,37.49927808410173
126,병원,영업/정상,서울특별시 강남구 논현동 142-3 자생한방병원,201903.35,445314.635,127.01942604640656,37.51005130152946
127,병원,영업/정상,서울특별시 강남구 신사동 665-1,203403.459602989,447041.856582807,127.03640070645862,37.525609290142
128,병원,영업/정상,서울특별시 강남구 삼성동 159 도심공항타워 3층,205130.591678902,445590.096837802,127.0559292832903,37.512521137011326
129,병원,영업/정상,서울특별시 강남구 도곡동 957-14 하늘빌딩,203033.625147967,442530.69363817,127.03219866321498,37.48496507515232
130,병원,영업/정상,서울특별시 강남구 신사동 626-4 목산빌딩,202689.244933816,446805.474107709,127.02832014244548,37.5234818037865
131,병원,영업/정상,서울특별시 강남구 신사동 665-1,203403.459602989,447041.856582807,127.03640070645862,37.525609290142
132,병원,영업/정상,서울특별시 강남구 신사동 638-8 구정빌딩,203043.889495443,447360.980394068,127.03233427955114,37.52848580884005
133,병원,영업/정상,서울특별시 광진구 화양동 24번지 17호,205799.162717309,449285.820248663,127.06352016351495,37.54581546227806
134,병원,영업/정상,서울특별시 강남구 도곡동 942-3 제이에스빌딩,202913.913256452,443081.800019702,127.0308472609723,37.489930923547824
135,병원,영업/정상,서울특별시 강남구 삼성동 170 대윤빌딩,205703.101076696,445447.143396027,127.06240369968745,37.51122981293695
136,병원,영업/정상,서울특별시 강남구 도곡동 146-92 강남세브란스병원,204044.915103209,443372.921666623,127.04363746807665,37.49254974938206
137,병원,영업/정상,서울특별시 강남구 세곡동 521번지,209074.683259571,439891.159496907,127.10047017701599,37.46114368270429
138,병원,영업/정상,서울특별시 강남구 역삼동 650-9 강남차병원,202979.308817323,444965.788565979,127.03159417281147,37.5069054349463
139,병원,영업/정상,서울특별시 강남구 논현동 241-16,203472.006113539,446003.98577584,127.03717134443175,37.516257871913304
140,병원,영업/정상,"서울특별시 강남구 대치동 960번지 5호 티아빌딩(지하2층일부, 2~7층)",205136.934557818,444576.067034239,127.05599403430332,37.50338472306782
141,병원,영업/정상,서울특별시 강남구 청담동 71번지 3호 9~14층,204855.579518894,446576.858605648,127.05282511753667,37.521413286694674
142,병원,영업/정상,"서울특별시 강남구 청담동 15번지 1호 지하1층, 1층일부, 2층~6층",203964.892184371,446494.018304012,127.04274913599713,37.5206710929427
143,병원,영업/정상,서울특별시 광진구 중곡동 30번지 1호,207510.076791915,451417.864438667,127.08290211381423,37.56501272623259
144,병원,영업/정상,"서울특별시 광진구 화양동 4번지 12호 , 4번지19호",206303.03222946,448689.878161826,127.0692167774423,37.54044280416216
145,병원,영업/정상,서울특별시 광진구 자양동 627번지 3호,207307.270591653,448107.552520605,127.08057395797753,37.53518875790739
146,병원,영업/정상,"서울특별시 강남구 청담동 131-17 경일빌딩 1~12층, 14층, 지하1~2층, 지하4~5층",204896.261746642,446730.548954636,127.05328632892943,37.522797816940454
147,병원,영업/정상,서울특별시 강남구 역삼동 682번지 23호,203815.564586215,445239.029037074,127.04105354300374,37.50936430605898
148,병원,영업/정상,서울특별시 강남구 논현동 63-8 나누리병원,202937.146834213,446451.612982071,127.03112312814419,37.52029279353365
149,병원,영업/정상,서울특별시 강남구 도곡동 910번지 27호 베드로병원,203431.056596395,442602.524868873,127.03669259067163,37.485610912884766
150,병원,영업/정상,서울특별시 강남구 청담동 47-4 우리들병원,204322.029055562,446314.495636826,127.04678802358448,37.51905202379074
151,병원,영업/정상,서울특별시 강남구 대치동 889-11 대치빌딩,204376.538170228,444701.663711128,127.04739516132943,37.50452020941774
152,병원,영업/정상,서울특별시 강남구 논현동 62-9,202866.391852676,446523.214714944,127.03032302558954,37.520938139381364
153,병원,영업/정상,"서울특별시 강남구 역삼동 642번지 7호 2층,3층일부",203118.391406425,444369.126280986,127.0331647079327,37.50152907049099
154,병원,영업/정상,서울특별시 노원구 상계동 606-12 노원스퀘어,205444.948194671,461429.231418268,127.05960116529349,37.65522764352815
155,병원,영업/정상,서울특별시 노원구 상계동 711번지 12호 9층~11층,205211.963702341,461437.853953207,127.05696096106826,37.655306665336546
156,병원,영업/정상,"서울특별시 노원구 상계동 373번지 71호 , 상계동 373-45 , 상계동 373-7(1층~3층)",205845.013422713,461572.838654552,127.06413598611044,37.65651907751814
157,병원,영업/정상,"서울특별시 노원구 공릉1.3동 680번지 9호 지하1층,1층,3층,4층,6층, 8층",206551.60704052,457326.722941972,127.0721058188026,37.61825783759735
158,병원,영업/정상,서울특별시 노원구 공릉동 680-10,206552.561558601,457344.469525861,127.07211678774686,37.618417724008
159,병원,영업/정상,"서울특별시 강남구 수서동 713번지 수서현대벤처빌 303호,315호",208937.760652081,442873.588039887,127.09895845405592,37.48801672644489
160,병원,영업/정상,서울특별시 강남구 삼성동 90번지 14호 GNG병원빌딩 2층~10층,205207.402270867,446004.891602084,127.0568009696193,37.516257997013035
161,병원,영업/정상,서울특별시 강동구 성내동 553번지 17호 G.M.F.빌딩,210640.975540871,447566.083944129,127.11828424154123,37.53027797637872
162,병원,영업/정상,서울특별시 강동구 성내동 548번지 5호 채원자연통합병원빌딩,211159.42900767,447276.508702471,127.12414534850292,37.527662838041785
163,병원,영업/정상,"서울특별시 강동구 천호동 51-7 남해빌딩 2층일부, 3~5층",212376.206725401,448791.071403727,127.13793615108287,37.54129347808925
164,병원,영업/정상,서울특별시 강동구 길동 459번지 1호,212084.038472021,448058.444155867,127.13461825895949,37.53469643031629
165,병원,영업/정상,서울특별시 강동구 상일동 501번지,215314.746342111,449845.751989409,127.17120780423146,37.55075211671221
166,병원,영업/정상,서울특별시 노원구 월계동 50번지 1호,205548.23208928,456950.152059544,127.06073802047264,37.61487153675719
167,병원,영업/정상,서울특별시 동대문구 답십리동 492번지 2호 하늘병원,204831.461305899,451444.505952989,127.05258388576281,37.56527051065116
168,병원,영업/정상,서울특별시 노원구 상계동 1142번지 9호,204558.457810284,464003.405075075,127.04957098016104,37.6784250109787
169,병원,영업/정상,"서울특별시 동대문구 용두동 118번지 20호 ,21호",202716.197281758,452561.486238062,127.02864582804179,37.5753428807072
170,병원,영업/정상,서울특별시 동대문구 전농동 497번지 77호 천사병원,204144.571455523,452698.185280802,127.0448161425609,37.57656930252703
171,병원,영업/정상,서울특별시 동대문구 장한로 143(장안4동 306-4),206246.533362941,452326.906548037,127.06860813062045,37.573212423594605
172,병원,영업/정상,서울특별시 동대문구 하정로 4(신설동 117-21),202012.621510207,452528.193161719,127.0206810841214,37.57504467077129
173,병원,영업/정상,"서울특별시 동대문구 전농동 1번지 64호 지하1,지상1,3~6층",205941.750825049,453021.411389519,127.06516358259064,37.5794718125778
174,병원,영업/정상,서울특별시 동대문구 장안동 309번지 1호 원우빌딩,206308.895815759,452418.27571097,127.06931484680736,37.57403522711659
175,병원,영업/정상,서울특별시 동대문구 장안동 431번지 6호,205714.783737023,451286.668635118,127.06258075217015,37.56384342265781
176,병원,영업/정상,"서울특별시 동대문구 장안2동 294번지 11호 ,369-3(6~9층)",206056.59490363,452278.21455164,127.06645764398203,37.572774969940625
177,병원,영업/정상,서울특별시 동대문구 용두동 740번지 1호,202533.326115758,453257.581750017,127.02657802436543,37.58161511613937
178,병원,영업/정상,서울특별시 동대문구 장안동 370번지 1호 외 1필지 (본관 및 신관),206099.743325087,452218.18881442,127.06694558395499,37.572233864232494
179,병원,영업/정상,서울특별시 동대문구 답십리동 497번지 66호,204432.565250342,451818.712665463,127.04807111927609,37.56864404569222
180,병원,영업/정상,"서울특별시 동대문구 장안동 413번지 1호 ,413-8호",205102.996605865,451221.568312092,127.05565578782465,37.563260423763275
181,병원,영업/정상,서울특별시 동대문구 제기동 1046번지 4호,203350.938246277,452917.201468717,127.03583284987576,37.57854578219585
182,병원,영업/정상,서울특별시 강서구 내발산동 678번지 7호 서울스타병원빌딩,185458.962703807,450122.621875688,126.83333842089623,37.553257115991286
183,병원,영업/정상,서울특별시 강동구 성내동 199번지 5호,211715.511397659,448041.390838465,127.13044844482695,37.53454750892423
184,병원,영업/정상,서울특별시 강동구 천호동 425-5 대우 한강 베네시티,210970.75707265,448713.31669728,127.12203222705227,37.54061060424473
185,병원,영업/정상,서울특별시 강동구 천호동 315번지 2호,211120.614279331,449398.629637331,127.12373817476634,37.54678342073903
186,병원,영업/정상,서울특별시 강동구 천호동 452-1 강동미즈병원,211252.497096002,448379.705798971,127.12521502684945,37.53760142728777
187,병원,영업/정상,서울특별시 강동구 성내동 551번지 3호 인애가한방병원,210808.253116091,447406.530930065,127.1201743896019,37.528838483672004
188,병원,영업/정상,서울특별시 강북구 미아동 317번지 3호 서울민병원,202337.148434207,457806.819119783,127.02437117516321,37.62260347517715
189,병원,영업/정상,"서울특별시 강북구 인수동 521-57, 59호",200518.731280897,459583.584863602,127.00377431166439,37.63861445089341
190,병원,영업/정상,서울특별시 관악구 신림동 86번지 3호,193773.070404044,442270.419248856,126.92749548324876,37.482603359831316
191,병원,영업/정상,서울특별시 관악구 신림동 726번지 5호,192636.667380434,441286.654526964,126.91465695913031,37.47373119552846
192,병원,영업/정상,서울특별시 관악구 봉천동 869번지 12호 대연빌딩,195647.366393622,442105.342411703,126.94868771773014,37.48112687205802
193,병원,영업/정상,"서울특별시 관악구 신림동 1421번지 55호 지1층, 2~11층",193779.105067109,442553.528776558,126.92756129680045,37.485154219215424
194,병원,영업/정상,서울특별시 노원구 상계동 292번지 1호 와우쇼핑몰 5층,205557.013355638,461441.687971047,127.06087122206105,37.655339210707794
195,병원,영업/정상,서울특별시 관악구 봉천동 875번지 8호,195473.034661719,442123.517997162,126.94671660624722,37.481289784883636
196,병원,영업/정상,서울특별시 강북구 미아동 67번지 1호,202598.720031765,457044.055167975,127.02733146327951,37.615730438531166
197,병원,영업/정상,서울특별시 강북구 미아동 734번지 108호,201738.719381809,457742.089570552,127.01759237282307,37.622021558874216
198,병원,영업/정상,서울특별시 강북구 미아동 189번지 6호 포근한노인전문병원,202061.252065402,458882.073020606,127.021248917907,37.632291928347094
199,병원,영업/정상,서울특별시 강북구 번동 463번지 44호,202451.867599327,459765.521965024,127.0256770411609,37.64025067516326
200,병원,영업/정상,서울특별시 강북구 수유동 188번지 1호 광산타워,201930.770048587,460020.981733386,127.01977360943116,37.642553514459536
201,병원,영업/정상,서울특별시 강북구 번동 461-68 북서울요양병원,202582.466293771,459530.486138019,127.02715592693377,37.63813270737609
202,병원,영업/정상,서울특별시 강북구 미아동 317번지 1호 서울컨벤션웨딩홀,202314.863753202,457867.658598331,127.02411893448425,37.62315168136854
203,병원,영업/정상,서울특별시 동대문구 휘경2동 20번지 산6-7,205524.023053517,453898.370691821,127.06044107209864,37.587375658594915
204,병원,영업/정상,서울특별시 동대문구 용두동 45번지 1호,203286.025302112,452787.900775473,127.03509741940917,37.577381029575776
205,병원,영업/정상,서울특별시 동대문구 용두동 129번지 36호,202670.049271259,452196.571007272,127.02812212434601,37.5720551724326
206,병원,영업/정상,서울특별시 동대문구 답십리동 12번지 262호,205366.089507406,451593.251080441,127.05863626961313,37.566607766210176
207,병원,영업/정상,서울특별시 동대문구 용두동 36번지 2호 외 2필지,203263.557393993,452379.200327814,127.03484128700894,37.57369877007672
208,병원,영업/정상,서울특별시 도봉구 쌍문동 508-2 2~5층,201152.846482468,461631.083128695,127.01096178832172,37.65706138701175
209,병원,영업/정상,서울특별시 도봉구 쌍문동 508번지 1호,201167.086526829,461671.469939607,127.01112322669185,37.65742524492405
210,병원,영업/정상,서울특별시 도봉구 쌍문동 388-1 한일병원,202466.119176743,460394.329853007,127.02584057910802,37.64591605033264
211,병원,영업/정상,서울특별시 동대문구 경희대길 45(회기동 산1번지),204469.209049094,454934.047367752,127.04850461982858,37.59671259198984
212,병원,영업/정상,서울특별시 동대문구 회기동 1-5,204469.209049094,454934.047367752,127.04850461982858,37.59671259198984
213,병원,영업/정상,서울특별시 동대문구 회기동 1번지 5호,204469.209049094,454934.047367752,127.04850461982858,37.59671259198984
214,병원,영업/정상,"서울특별시 동대문구 휘경2동 29번지 1호 , 산 6번지 2호외 7필지",205622.06846433,454114.388026134,127.06155278730955,37.58932135512436
215,병원,영업/정상,서울특별시 강서구 화곡동 786번지 6호,187632.708143175,447508.735516282,126.85798266652233,37.529738143383426
216,병원,영업/정상,서울특별시 강서구 화곡동 938번지 19호 백제빌딩,185684.894440424,447532.217283307,126.83594597529047,37.52992141513769
217,병원,영업/정상,서울특별시 강서구 방화동 495번지 26호,182940.086694869,452319.805032727,126.80478138944157,37.57301003859483
218,병원,영업/정상,서울특별시 강서구 등촌동 700 플러스존,186299.74267687,450792.016505679,126.8428408628015,37.55930120830967
219,병원,영업/정상,서울특별시 강서구 마곡동 795-7 열린프라자,185590.150482304,450885.185701751,126.83480801608157,37.56012978049176
220,병원,영업/정상,서울특별시 관악구 신림동 10번지 715호 양지병원,193961.371360025,442448.373509657,126.9296229845218,37.484207991282695
221,병원,영업/정상,서울특별시 관악구 신림동 543-18 강남힐병원,192122.439315529,442168.547868945,126.90883415748857,37.481672790068785
222,병원,영업/정상,서울특별시 관악구 봉천동 884번지 44호,195387.990236283,442205.889843962,126.94575456722721,37.48203152988417
223,병원,영업/정상,서울특별시 동대문구 청량리동 40번지 9호 서울성심병원 (40-9외 7필지),204343.550551468,453554.680324706,127.04707367206129,37.5842853009308
224,병원,영업/정상,"서울특별시 관악구 봉천동 937번지 15호 2,3,4,5,6층",194719.981415722,442674.193730756,126.93819855744582,37.486247330291775
225,병원,영업/정상,"서울특별시 동대문구 장안동 313번지 3호 지하1층,지상1~11층",206335.296609078,452888.851973774,127.0696177295856,37.57827487581602
226,병원,영업/정상,"서울특별시 노원구 상계동 723번지 2층, 3층, 5층",205550.908407551,461343.062226682,127.06080129764577,37.65445065446013
227,병원,영업/정상,"서울특별시 노원구 상계동 292번지 1호 와우쇼핑몰 7층,8층",205557.013355638,461441.687971047,127.06087122206105,37.655339210707794
228,병원,영업/정상,서울특별시 노원구 중계동 160-1 기업은행,206616.300077726,461867.94710054,127.07287928377107,37.65917275001666
229,병원,영업/정상,서울특별시 노원구 상계동 387번지 226호,206185.341781605,461762.664495137,127.06799436791854,37.65822715426093
230,병원,영업/정상,서울특별시 동대문구 장안동 464번지 3호,205756.83503034,451053.76563095,127.06305490305606,37.56174473449714
231,병원,영업/정상,서울특별시 강서구 방화동 273번지 7호,183782.987028949,452237.309625707,126.81432471725154,37.57228204996381
232,병원,영업/정상,서울특별시 강서구 화곡동 114-100 세웅빌딩,185980.84281788,448892.642715531,126.83926806095083,37.54218327221365
233,병원,영업/정상,서울특별시 강서구 화곡동 377번지 8호 나누리강서병원,185500.498361103,448361.495133865,126.83384340251187,37.53739023219539
234,병원,영업/정상,서울특별시 강서구 등촌동 664번지 11호 천수빌딩,186351.227100195,450679.42643207,126.8434256563456,37.55828755444909
235,병원,영업/정상,서울특별시 강서구 내발산동 701번지 15호 덕산빌딩,185417.671117954,449870.265715482,126.83287616472653,37.55098276495578
236,병원,영업/정상,서울특별시 강서구 등촌동 657번지 부민병원,186764.38128991,450518.080943938,126.84810450770709,37.55683990650637
237,병원,영업/정상,서울특별시 도봉구 도봉동 617-21,203784.030841855,463306.561200616,127.04078860648043,37.67215011048682
238,병원,영업/정상,서울특별시 도봉구 방학동 665-6,202961.829052417,462271.553341754,127.03146489044587,37.66282793324426
239,병원,영업/정상,서울특별시 도봉구 방학3동 442,202338.937796637,462312.588860817,127.0244054655951,37.66319940609113
240,병원,영업/정상,서울특별시 도봉구 쌍문동 657번지 예일빌딩5층,203334.767507709,461499.945330147,127.03568814149894,37.65587469299777
241,병원,영업/정상,서울특별시 도봉구 창동 749번지 10호,203650.127964614,461998.908925832,127.0392644027043,37.66036904965312
242,병원,영업/정상,서울특별시 강동구 상일제1동 149번지,213839.356195548,450118.261707983,127.15451668099968,37.55323061609516
243,병원,영업/정상,서울특별시 강동구 천호동 362번지 3호 로뎀빌딩,211171.467512363,449037.295175834,127.12430815997507,37.54352722347721
244,병원,영업/정상,서울특별시 강서구 과해동 676번지,182141.205465089,451078.47991,126.79576851998266,37.56181071961991
245,병원,영업/정상,서울특별시 강서구 방화동 572번지 11호,183500.183270254,452337.321434998,126.81112119616061,37.573178098228695
246,병원,영업/정상,서울특별시 강서구 등촌동 632-6 파인블루빌딩,187974.228864018,450369.165403996,126.86179931299998,37.555514856860384
247,병원,영업/정상,서울특별시 도봉구 쌍문동 509번지 1호 백운빌딩,201177.743198866,461734.803519059,127.01124409211651,37.657995851463966
248,병원,영업/정상,서울특별시 강북구 번동 418번지 1호,202343.387488819,459654.425206785,127.02444760504711,37.63924999406111
249,병원,영업/정상,서울특별시 도봉구 창5동 715번지 28호,203494.298731646,461407.057099298,127.03749558740166,37.65503721185098
250,병원,영업/정상,"서울특별시 도봉구 방학동 719-3 렉시온프라자 2, 3, 4층",203922.041712071,462985.339920532,127.04235125354172,37.66925542642918
251,병원,영업/정상,서울특별시 도봉구 창동 650-46 강북힘찬병원,202877.044270305,460368.674382853,127.03049665339942,37.64568373495594
252,병원,영업/정상,서울특별시 관악구 신림동 527-13 삼남빌딩,192455.883042115,442267.149217637,126.9126030853347,37.48256399335779
253,병원,영업/정상,서울특별시 강북구 수유동 45번지 7호,201952.090791867,459227.557988451,127.02001313421799,37.63540490287476
254,병원,영업/정상,"서울특별시 강북구 수유동 47번지 7호 (47-7,8,9)",201857.42791954,459159.097004897,127.01894049678322,37.63478827399679
255,병원,영업/정상,서울특별시 도봉구 쌍문동 503-8 2~5층,201098.761383515,461327.62658561,127.01034843131568,37.65432738251346
256,병원,영업/정상,서울특별시 강서구 화곡동 1076번지 1호 지상5층,185892.433353743,448833.020780674,126.83826884120221,37.541644731135435
257,병원,영업/정상,서울특별시 강서구 등촌동 512번지 18호,187731.084393625,449330.107139552,126.8590650496162,37.54614984350852
258,병원,영업/정상,서울특별시 강서구 화곡동 1031번지 12호,185695.270517981,449055.885616277,126.83603356142791,37.543649667341015
259,병원,영업/정상,서울특별시 강서구 염창동 263번지 3호,188873.308682321,449696.809808019,126.87198465111005,37.549468362874165
260,병원,영업/정상,"서울특별시 강서구 내발산동 701번지 4호 외 6필지, 701번지, 701-21외 2필지",185439.385067186,450008.139145119,126.83311914432339,37.552225331315405
261,병원,영업/정상,서울특별시 강서구 화곡동 349번지 3호,186171.569591143,447873.285103959,126.84144544940222,37.53300185924033
262,병원,영업/정상,서울특별시 강서구 화곡동 1052번지 6호,185764.898845811,448963.082543946,126.83682324174137,37.54281460450077
263,병원,영업/정상,서울특별시 강서구 등촌동 669번지 1호,186043.311279081,450704.666838076,126.83994029688392,37.558510335036424
264,병원,영업/정상,서울특별시 강서구 마곡동 759-2,184496.437996802,451677.575370424,126.82241267363557,37.567251266654345
265,병원,영업/정상,서울특별시 강서구 등촌1동 673번지 1호 3층,185691.656792662,450741.08614923,126.83595967725958,37.55883305213332
266,병원,영업/정상,서울특별시 강남구 논현동 218-11 강남웨딩홀,203030.36156512,445624.927581211,127.03217423243223,37.512844095784736
267,병원,영업/정상,서울특별시 구로구 오류동 55번지 30호 더세인트빌딩,186237.293350949,443794.006000016,126.84226572935431,37.49624882301664
268,병원,영업/정상,서울특별시 관악구 봉천동 1673번지 17호,196154.920826589,441961.873381806,126.95442690055081,37.47983649982705
269,병원,영업/정상,서울특별시 강남구 논현동 54-4,202019.609786891,445542.15986245,127.02074159423613,37.51210105485966
270,병원,영업/정상,서울특별시 도봉구 창동 553-2 3~7층,203151.226589443,459468.169735429,127.03359958768691,37.637569516851066
271,병원,영업/정상,서울특별시 송파구 삼전동 72-2 SH타워 2~8층,208267.150895889,444458.879184368,127.09139350159194,37.50230636902543
272,병원,영업/정상,"서울특별시 마포구 용강동 473-1 대현빌딩 지하층 , 지상2층~지상6층",194654.585202529,448914.521960764,126.93741323438122,37.54247205892785
273,병원,영업/정상,서울특별시 강서구 등촌동 726 가양역 두산위브,187059.703431437,450478.956139831,126.85144748440969,37.556491610448845
274,병원,영업/정상,서울특별시 강동구 길동 412-10 SC MEDI TOWER,212221.342539571,448245.019790445,127.13617481477291,37.5363756605075
275,병원,영업/정상,"서울특별시 송파구 거여동 604 지하1층, 5~12층",212511.655622483,442722.371081852,127.13936605708685,37.4866130390681
276,병원,영업/정상,서울특별시 강남구 역삼동 825 미진프라자 21층,202462.604763481,443960.186302868,127.02574701891696,37.49784646196946
277,병원,영업/정상,서울특별시 금천구 시흥동 113-14 리솜메디라이프,190879.063907895,439641.061761598,126.89480793981849,37.45888857546152
278,병원,영업/정상,"서울특별시 양천구 신정동 943번지 19호 B02,B01, 지상2~5층",186831.15837972,446764.915938532,126.84892786872042,37.523025244964145
279,병원,영업/정상,서울특별시 중구 신당동 422번지 4호,200823.512501925,450412.586912513,127.00721793374134,37.555985044965425
280,병원,영업/정상,서울특별시 중구 신당동 336번지 3호,201064.963697104,450779.720971036,127.0099510158038,37.55929265528706
281,병원,영업/정상,서울특별시 중구 명동1가 53번지 1호 7층,198582.339705178,451302.602871612,126.98185205579396,37.564003116239334
282,병원,영업/정상,서울특별시 양천구 신정동 907번지 12호,187522.738998577,447059.720049471,126.85674621208909,37.52569106326434
283,병원,영업/정상,서울특별시 중구 충무로1가 25번지 5호 고려대연각센터빌딩 3층 306호,198388.365585519,450963.241815173,126.97965732781586,37.56094517774798
284,병원,영업/정상,서울특별시 양천구 신정4동 888번지 47호,187852.723365018,447149.18316504,126.86047774425364,37.526501544095
285,병원,영업/정상,"서울특별시 양천구 목1동 404번지 256호 지하2층~지상6층, 8층~9층",189036.361978427,446938.511587968,126.87387121967171,37.52461831161277
286,병원,영업/정상,서울특별시 양천구 목동 404번지 3호,189047.941727937,446975.068504489,126.87400166838948,37.52494782508218
287,병원,영업/정상,서울특별시 양천구 신정동 942번지 12호,186770.943308232,446907.841242813,126.84824411288372,37.52431212520227
288,병원,영업/정상,"서울특별시 양천구 목1동 404번지 156호 대경프라자 ( 3층, 5층, 6층)",188954.524397407,446824.338404844,126.87294715285779,37.52358863791501
289,병원,영업/정상,서울특별시 양천구 신정3동 1320번지 7호,185179.358877689,445532.444934761,126.83026716752542,37.51189561800297
290,병원,영업/정상,서울특별시 양천구 신월동 550번지 3호 승일뷰티타워 8~9층,185962.809546697,446176.170952681,126.83911613643093,37.51770784108361
291,병원,영업/정상,서울특별시 금천구 독산4동 1012번지 18호,190957.784165545,440664.026209889,126.89568505346021,37.46810629288567
292,병원,영업/정상,서울특별시 금천구 가산동 151번지 36호,190457.772817906,441601.325701114,126.8900206854505,37.47654631545137
293,병원,영업/정상,서울특별시 금천구 독산동 150번지 7호 새움병원,190879.785534795,441215.679173384,126.8947964791819,37.473075924534186
294,병원,영업/정상,서울특별시 금천구 독산동 331번지 39호,190559.63708048,440511.152773091,126.8911863520371,37.46672489379239
295,병원,영업/정상,서울특별시 금천구 독산동 288번지 1호,190880.477053829,441004.490706785,126.89480692830134,37.47117312007751
296,병원,영업/정상,서울특별시 금천구 시흥1동 890번지 4호 대의빌딩 3층,191257.611843222,438879.425058325,126.89909563162162,37.4520298776181
297,병원,영업/정상,"서울특별시 금천구 시흥동 883번지 5호 서평빌딩 5,6,7층",191191.868732053,439144.877856068,126.8983494348063,37.45442099136611
298,병원,영업/정상,서울특별시 금천구 독산동 899-6 2~9층,191659.51307314,441984.502153591,126.90360237034734,37.48001044417191
299,병원,영업/정상,서울특별시 금천구 시흥동 882번지 31호,191137.455219209,439289.513727463,126.89773270359436,37.45572364333567
300,병원,영업/정상,서울특별시 금천구 독산3동 960번지,191453.803581813,441879.189417626,126.90127788239089,37.47905968264487
301,병원,영업/정상,서울특별시 동작구 노량진동 311번지 8호 외 4필지,194640.513728351,444993.67767627,126.93728294231649,37.50714538835415
302,병원,영업/정상,서울특별시 동작구 상도1동 614번지 1호,195460.166419855,444749.88024195,126.94655469292844,37.50495322976724
303,병원,영업/정상,서울특별시 동작구 흑석동 224번지 1호,196469.839776813,444981.937930765,126.95797257508183,37.50704854535701
304,병원,영업/정상,서울특별시 동작구 사당동 1042번지 12호 3층,198266.295706794,441733.336446511,126.97829830324551,37.47778389526221
305,병원,영업/정상,서울특별시 동작구 신대방동 686번지 1호,191677.374890384,442912.575897947,126.90379374556981,37.48837255016832
306,병원,영업/정상,서울특별시 동작구 상도동 255번지 4호,194064.994071226,444089.838269412,126.93078121803092,37.49899825731784
307,병원,영업/정상,서울특별시 동작구 사당1동 1008번지 17호 삼인빌딩,198290.516043124,442261.684257124,126.97857085467314,37.4825443650609
308,병원,영업/정상,"서울특별시 동작구 사당동 147번지 29호 3층 및 2,4층 일부",198202.472533419,442471.241038085,126.9775748840838,37.484432301094294
309,병원,영업/정상,"서울특별시 동작구 신대방동 358번지 3호 1,2,3층",193333.327454456,443949.726296945,126.92250829391962,37.497730809626255
310,병원,영업/정상,서울특별시 동작구 사당동 138번지 3호 사당동 주상복합,198181.94693414,442684.335470718,126.97734226631246,37.48635224235708
311,병원,영업/정상,서울특별시 구로구 구로동 44번지 7호 고려 수 타워,190344.191572332,444414.17086261,126.88869948426722,37.50188882740961
312,병원,영업/정상,서울특별시 구로구 고척동 324 신원프라자,187870.470839962,444127.308633809,126.8607286175098,37.49927486673463
313,병원,영업/정상,서울특별시 구로구 구로동 1126번지 34호 금강빌딩,191118.289291823,442223.132052108,126.89748048293986,37.482155420955365
314,병원,영업/정상,서울특별시 동작구 신대방동 425번지,193235.493966882,443510.420778415,126.92140601744345,37.49377195518772
315,병원,영업/정상,서울특별시 구로구 구로동 586번지 5호 삼전솔하임,189538.879839832,444449.405034497,126.87959160397963,37.502197460682176
316,병원,영업/정상,서울특별시 구로구 고척동 191번지 1호,187606.693801873,444911.925277155,126.85773235233972,37.506340708394305
317,병원,영업/정상,서울특별시 구로구 고척동 76번지 189호 구로성심병원,188114.404383349,444166.198422671,126.86348656433702,37.49962844996833
318,병원,영업/정상,서울특별시 구로구 개봉동 353-2 구로다나병원빌딩,187263.423644693,443866.789760211,126.85386821819893,37.49691938938449
319,병원,영업/정상,서울특별시 구로구 가리봉동 137번지 8호 정성요양병원,190540.82626688,441868.707510887,126.89095617479902,37.47895628628565
320,병원,영업/정상,서울특별시 구로구 개봉동 43번지 1호,185884.744012457,444536.915882661,126.83826469680302,37.502937062171576
321,병원,영업/정상,서울특별시 성북구 정릉동 16번지 486호 외2필지,201837.924804487,455449.081451786,127.01871054971669,37.60136179325435
322,병원,영업/정상,서울특별시 성북구 보문동4가 18번지,201783.484132538,453412.395182677,127.01808927457913,37.58301166817518
323,병원,영업/정상,서울특별시 성북구 동선동4가 53번지,201389.393007427,454658.210922524,127.01362985810242,37.59423693361171
324,병원,영업/정상,서울특별시 성북구 종암동 25번지 6호,203092.615809021,454534.484140104,127.03291513191311,37.59311814846325
325,병원,영업/정상,서울특별시 성북구 안암동5가 126번지 1호 고려대병원,202313.850759843,453871.264665299,127.02409518287283,37.58714487358145
326,병원,영업/정상,서울특별시 성북구 하월곡동 88번지 526호,202645.583739356,456061.113850349,127.02785879306735,37.60687418849223
327,병원,영업/정상,서울특별시 송파구 풍납동 388번지 1호 서울아산병원,209607.590372037,447120.577229325,127.10658733769303,37.52627525866216
328,병원,영업/정상,서울특별시 송파구 문정동 17-5 인애가한방병원,211382.026862476,442795.708066717,127.12659467210366,37.48728832785087
329,병원,영업/정상,서울특별시 송파구 석촌동 174번지 13호 한솔병원,209295.368139314,444879.115591176,127.10302708898739,37.50608298158544
330,병원,영업/정상,서울특별시 송파구 삼전동 38-5,207548.241064687,444350.320337161,127.08326209867188,37.501334361016966
331,병원,영업/정상,서울특별시 송파구 가락동 159번지 7호 뉴스타트병원,210493.764941542,444103.26092079,127.1165696804024,37.49907980283413
332,병원,영업/정상,서울특별시 송파구 가락동 121번지 2호 마리아 의료재단 새병원,210933.669348726,443458.701668372,127.1215349128762,37.49326727020931
333,병원,영업/정상,서울특별시 송파구 송파1동 20번지 8호 지하2층~지상7층,209641.102325061,445051.638159851,127.10693950822197,37.50763388291039
334,병원,영업/정상,서울특별시 종로구 평창동 158-1 글로리아타운,197212.364862058,456055.205802855,126.96632744977559,37.60682015693954
335,병원,영업/정상,서울특별시 종로구 숭인동 200번지 26호 진형빌딩,201728.010848506,452416.82550417,127.01745897964075,37.57404182022287
336,병원,영업/정상,서울특별시 송파구 가락동 57번지 B3-6층,210736.904409143,443841.338101311,127.11931547566017,37.4967171088173
337,병원,영업/정상,서울특별시 종로구 연건동 28,199824.095974723,452984.360451452,126.99590636928569,37.57915670652751
338,병원,영업/정상,서울특별시 종로구 무악동 32번지 2호,196173.853620552,452543.712240555,126.95458493735565,37.57517833970064
339,병원,영업/정상,서울특별시 양천구 목동 911번지 1호,189878.40729119,448255.199632516,126.88337865776435,37.536491245507285
340,병원,영업/정상,서울특별시 양천구 신정동 899번지 1호 홍익병원본관,187879.054915494,447370.031967944,126.86077196729079,37.528491721927935
341,병원,영업/정상,서울특별시 송파구 거여동 37번지 위례빌딩,212831.033281342,443457.104592042,127.14298994067687,37.493228612879044
342,병원,영업/정상,서울특별시 송파구 마천동 26번지 11호 보은빌딩,212587.48325656,444278.471040207,127.14024989602909,37.50063242891755
343,병원,영업/정상,서울특별시 송파구 송파동 20번지 7호 유니온테크송파빌딩,209627.926977957,445033.492693013,127.10679025914433,37.50747052951016
344,병원,영업/정상,서울특별시 송파구 가락동 122번지 6호,210893.646668129,443517.490003737,127.12108320796506,37.49379742171254
345,병원,영업/정상,서울특별시 송파구 거여동 559번지 5호 삼원빌딩,212568.79253158,443483.209201758,127.14002501419888,37.49346740079808
346,병원,영업/정상,서울특별시 종로구 평동 108,197111.969637621,451776.44366444,126.9652077119028,37.568268829406804
347,병원,영업/정상,서울특별시 송파구 가락동 112번지 7호,210714.053849509,443519.750532142,127.11905242119111,37.49381987647199
348,병원,영업/정상,"서울특별시 송파구 송파동 135번지 3호 4,14,15",209831.135259298,445251.270608881,127.10909143129243,37.509430572710414
349,병원,영업/정상,서울특별시 서대문구 연희동 192번지 32호,193531.905843993,451541.255677281,126.92468643289034,37.566131389529026
350,병원,영업/정상,서울특별시 은평구 역촌동 산 31번지 1호,191428.12937323,455780.41102268,126.90082415780073,37.60430820035867
351,병원,영업/정상,서울특별시 용산구 이촌동 301번지 165호,198334.528715682,446153.522154789,126.97905932529463,37.51760985697428
352,병원,영업/정상,서울특별시 은평구 녹번동 27번지 6호,194047.377531025,455977.868865806,126.9304845525948,37.60610811250008
353,병원,영업/정상,"서울특별시 은평구 신사동 8번지 5호 2층 201,202호",192023.767867284,455324.346591988,126.90757454879,37.60020453943959
354,병원,영업/정상,서울특별시 은평구 구산동 191번지 1호,191702.159455982,455932.140095298,126.90392571275359,37.605677781807266
355,병원,영업/정상,서울특별시 은평구 대조동 15번지 123호,193814.576026954,456279.905534701,126.92784551900016,37.60882785541746
356,병원,영업/정상,서울특별시 은평구 녹번동 154번지 19호,193261.272622326,455751.119631105,126.92158409677072,37.60405966736751
357,병원,영업/정상,서울특별시 은평구 응암동 119번지 33호 정원빌딩,192747.915890233,454846.243806105,126.91577958164316,37.59590295715023
358,병원,영업/정상,서울특별시 은평구 응암2동 232번지 3호,193192.019829273,454620.355721841,126.92081044796372,37.59387116575006
359,병원,영업/정상,서울특별시 서대문구 홍제동 251번지 4호,195065.292655665,454025.078627384,126.94202567599294,37.588519890688744
360,병원,영업/정상,서울특별시 서대문구 창천동 13-2 준성빌딩,194491.307019287,450646.576957423,126.93555254830036,37.55807673721424
361,병원,영업/정상,서울특별시 서대문구 남가좌동 102번지 3호,192562.973370487,451852.14962353,126.91371605423414,37.5689251270044
362,병원,영업/정상,서울특별시 서대문구 홍은동 437번지 1호,194596.330125214,454884.966168436,126.93670955044497,37.59626467446663
363,병원,영업/정상,서울특별시 영등포구 영등포동7가 77번지 5호,191610.879687463,446996.629366296,126.90299495245371,37.525169120555034
364,병원,영업/정상,서울특별시 중랑구 망우본동 227번지,209440.492707431,455783.882625987,127.10480771498135,37.60433224382364
365,병원,영업/정상,서울특별시 중랑구 신내동 666번지 신아타운,208295.099818379,456014.999180519,127.09183916383301,37.606425517094365
366,병원,영업/정상,서울특별시 영등포구 영등포동8가 68번지 2층~5층,191565.593190076,447346.655796394,126.90247859474994,37.528322419510204
367,병원,영업/정상,서울특별시 영등포구 신길동 505번지 2층~7층,192857.928262332,444236.200769671,126.9171294291957,37.50030835279979
368,병원,영업/정상,서울특별시 영등포구 신길동 65번지 33호,192946.280189392,445685.944518825,126.91811456677672,37.51337118256377
369,병원,영업/정상,서울특별시 중랑구 중화동 110번지 43호,207125.811484424,455464.287801328,127.07859172087011,37.60147342215921
370,병원,영업/정상,서울특별시 중랑구 망우동 489-1 삼부빌딩,208490.019432559,455252.715739808,127.0940378470757,37.59955571887474
371,병원,영업/정상,서울특별시 중랑구 면목동 179-24 화성빌딩,206963.656507439,453966.434982103,127.07674133861534,37.587979247030205
372,병원,영업/정상,서울특별시 은평구 대조동 187번지 51호,193196.242475972,457089.719123723,126.92083509643031,37.61611971113476
373,병원,영업/정상,서울특별시 은평구 갈현동 462번지 52호,192640.903780482,456933.471863348,126.9145466820867,37.61470764057769
374,병원,영업/정상,서울특별시 은평구 구산동 2번지 36호 세웅그룹빌딩 3~9층,192530.535974525,456583.709636542,126.91330023421354,37.61155545443954
375,병원,영업/정상,서울특별시 서대문구 신촌동 134번지,194584.959249312,451381.585492051,126.9366069810422,37.564699643057445
376,병원,영업/정상,서울특별시 영등포구 영등포동4가 153번지 1호,191256.017169752,446425.984842846,126.8989873537582,37.52002432966863
377,병원,영업/정상,서울특별시 영등포구 문래동2가 39번지 10호,190503.823501659,445613.03148142,126.89048920419258,37.5126921796851
378,병원,영업/정상,서울특별시 영등포구 신길동 861번지 일이빌딩,193034.345962851,444796.372057832,126.91911916887561,37.50535684116317
379,병원,영업/정상,서울특별시 강서구 마곡동 808 이화의대부속서울병원,185455.170806691,450604.239360205,126.83328592211937,37.557596364118005
380,병원,영업/정상,서울특별시 강남구 논현동 98-2,203014.306499929,446403.195439449,127.03199575865189,37.51985631028603
381,병원,영업/정상,서울특별시 강동구 천호동 421번지 4호 행복타워빌딩,211174.771171465,448678.909948061,127.1243401208682,37.54029816799911
382,병원,영업/정상,서울특별시 영등포구 문래동6가 2-1,190094.718810574,446267.346676491,126.88585304762513,37.51858319750449
383,병원,영업/정상,서울특별시 관악구 신림동 1638-1 삼모 더 프라임 타워,193643.274303943,442230.03574985,126.92602832955619,37.4822386116894
384,병원,영업/정상,서울특별시 성동구 하왕십리동 1070-3,202407.087512138,451424.197660097,127.02514299498411,37.56509688637011
385,병원,영업/정상,서울특별시 강서구 화곡동 114-12 더와이즈황병원,186001.490296079,448899.500159804,126.83950155987036,37.54224537204984
386,병원,영업/정상,서울특별시 강동구 고덕동 297-1 원케어메디컬타운,214041.185642466,450689.564473792,127.15681163712283,37.55837494102522
387,병원,영업/정상,서울특별시 광진구 구의동 252-16 웰츠타워,207342.766106556,448444.754635481,127.08097890102145,37.538226643338405
388,병원,영업/정상,서울특별시 서초구 서초동 1338-21 코리아비지니스센타,202623.297219041,443154.964346798,127.02756141773722,37.49059098470757
389,병원,영업/정상,서울특별시 강남구 논현동 90-7 디와이빌딩,202995.512655196,445922.672107279,127.03178124980901,37.51552687464133
390,병원,영업/정상,서울특별시 송파구 오금동 24-2 데코빌딩,211457.817185708,445070.332711295,127.12748683616358,37.507781693867024
391,병원,영업/정상,서울특별시 송파구 삼전동 33-3 지하1층~6층,207625.449032462,444492.597835876,127.08413670999657,37.50261564892592
392,병원,영업/정상,서울특별시 동대문구 장안동 311-5 장안동의료시설,206344.162717169,452578.5598439,127.06971544245152,37.57547912595575
393,병원,영업/정상,서울특별시 서초구 서초동 1302-2 대지스포츠프라자,201856.625065785,444502.636699224,127.01889559134422,37.50273530717132
394,병원,영업/정상,서울특별시 강서구 내발산동 668,185487.641769266,450280.85856253,126.83365983559402,37.55468326131826
395,병원,영업/정상,서울특별시 성북구 정릉동 674-3 그린존,200279.459422208,456219.797491714,127.00106241078738,37.6083074941236
396,병원,영업/정상,서울특별시 강북구 미아동 304-7,202253.635125976,458066.882224524,127.02342596351268,37.62494679337323
397,병원,영업/정상,"서울특별시 도봉구 방학동 676-21 SYO빌딩 1층, 4층",203511.533290165,462249.755144886,127.03769487286957,37.66262963872123
398,병원,영업/정상,서울특별시 강남구 논현동 94-22 카로시티Ⅲ,203388.051395369,446619.586513596,127.0362244883391,37.5218047138403
399,병원,휴업,"서울특별시 강남구 개포동 1164번지 10호 지하2층~1층, 지상1층~6층",204588.76666642,441203.290320686,127.04977387519715,37.47299884499676
400,병원,휴업,서울특별시 중구 을지로3가 302번지 1호,199213.995842161,451479.251307215,126.98900127454571,37.565595498202995
401,병원,휴업,서울특별시 송파구 풍납동 496번지 5호,210641.609053069,447960.007314417,127.1182970789942,37.53382718674825
402,병원,휴업,서울특별시 송파구 오금동 126번지 송파참병원,212081.527971261,444598.236691622,127.13453330308596,37.50352022507772
403,병원,휴업,서울특별시 송파구 오금동 77번지 인애가요양병원,211904.841771888,444786.261129374,127.13253811900134,37.50521659897943
404,병원,휴업,서울특별시 서대문구 북아현동 126-22 우리내일병원,196134.284316417,450605.206350745,126.95414738987611,37.55771246125214
